experiment,mode,mode_time
250_42_0,traverse,437.691961
250_42_0,scan,86.748507
250_42_0,wait,425
250_42_0,charge,250
250_42_0,dock,120
250_42_0,undock,66
250_42_1,traverse,437.691961
250_42_1,scan,86.748507
250_42_1,wait,333
250_42_1,charge,250
250_42_1,dock,120
250_42_1,undock,66
250_42_2,traverse,437.691961
250_42_2,scan,86.748507
250_42_2,wait,0.032057
250_42_2,charge,250
250_42_2,dock,120
250_42_2,undock,66
